tweet_text,cyberbullying_type
home neighbor pick family mind son autistic feel like high school call name attack reason bully time ca step front porch without something,cyberbullying
bullied school boy use strategy maintain masculinity example becoming bully disrupting lesson devaluing achievement,cyberbullying
girl class th grade little autistic parent thought better send public school fit class low key bullied actually high key teacher downplayed nothing,cyberbullying
probably white gay kid suburb want shoot school one bully,cyberbullying
pushed ti resorting treating thr bully percent pressured school sitter evidence severe bullying treat th bully problem,cyberbullying
today awesome day vivaldi called co girl kali bullied high school bully still believe created two best friend never lonely life rule mom best,cyberbullying
trump like jealous little fat school bully stand everbody love guy,cyberbullying
oh also saying level columbine jock add fucking good conti tion fucking disrespectful dylan eric columbine understand bully people sh ting fucking school,cyberbullying
high school life got better finally snapped punched abusive bully hid shocked expression tear made detention got worth,cyberbullying
collaborated lu ena vos find strong force good white describes feel like white looking bully attack wrong person school board,cyberbullying
really experience derogatory bully middle school science class turtle backpack everytime went bathroom,cyberbullying
card talk like girl high school bullied,cyberbullying
remember jock hated gave biggest wedgie right front group girl remember laughed jock think wedgie torment ended high school loser getting bullied rest life find om,cyberbullying
guy easily platform reported twitch honestly little faith anything come sort guy cancel culture exist exactly used bully back school,cyberbullying
college pretty much like high school except jock hated turned frat boy girl bullied menacing coke dick,cyberbullying
listen know marching band high school pretty popular girl bullied really try heal trauma pretty nice try sometime,cyberbullying
would like say girl first high school bullied eating disorder mocked failing suicide attempt self harming never recovered never honestly wish best hope never cause anyone pain,cyberbullying
girl bullied middle amp high school relentless quit softball hated joined improv got new friend voted homecoming queen senior year queen bully runner tell write book anyone,cyberbullying
remembered bullied girl dat taller den elementary tall contemptible li could center high school shit,cyberbullying
girl bullied high school idiot emotion instant message universe,cyberbullying
make doubt telling truth even calling ghetto school implies every one poor laughing loud would bully christ like either bully afraid admit thing actually bullied definitely,cyberbullying
kid called pig high school referring weight bullied trans girl like everyone else school dried dad car car wash told dad pulled tip offered run aw daddy girl,cyberbullying
instant message afraid dentist pain one girl bullied high school dental assistant,cyberbullying
high school girl bullied girl friend going tell deserves treated badly prefers call pan bi,cyberbullying
girl bullied high school,cyberbullying
bully everyone afraid like guy try school bully one take seriously anymore,cyberbullying
reminds little bully school gang mentality,cyberbullying
girl bullied kid smoke cigarette run rehab failing drug test going college become brutal special ed teacher graduated high school amp moved right graduation,cyberbullying
public school enforce hard core bullying learn make ya kid fight ya bully malicious,cyberbullying
yeah went school encouraged bully leave left everything else paranoia come searching homeschooled low key want see destructive skewer also terrified rip,cyberbullying
girl say definitely bullied people emo high school laughing,cyberbullying
go international primary school never thought lucky riken kid used bully asking strip toilet mol,cyberbullying
best character liked bullied high school girl grows absolute bad,cyberbullying
gat lag bullied elementary school se bab pretties high heel pink sparkly one girl wanted borrow tak,cyberbullying
ar senator time month weirdo cotton sparked outrage calling enslavement million african people early year united state evil promoted new bill would de fund school teach project slavery,cyberbullying
since shedding color speak stupid bullied girl throughout high school,cyberbullying
know context blonde girl bullied high school none friend stood get antarctica friend try contact make amends episode spent going feeling towards cont,cyberbullying
sang high school bully insensitive would pay step,cyberbullying
school bully,cyberbullying
people look like mob mob large crowd people especially one disorderly intent causing trouble violence see everyone cause trouble violence like saying bully defines whole school,cyberbullying
big wig act like year old school bully towards former fellow employee like arrogant public response continue show terrible hire fire fox sport,cyberbullying
like argument know christian like girl bullied high school go church enough make automatically wary shown otherwise,cyberbullying
fighting right day night feel like foot neck know done care school called bully made pay back let breathe million life matter multi level marketing middle finger unpleasant excluded uk,cyberbullying
ye lich motherfucker hate,cyberbullying
school bully,cyberbullying
bullied high school reason daughter would like tell get better love hair make different special beautiful girl bully worth time,cyberbullying
like back school liar let bully bully continue,cyberbullying
girl bullied hateful high school time machine instant message passion,cyberbullying
read post mean girl school go college become nurse amp amp disappoint christ girl bullied throughout year nurse,cyberbullying
cba saying girl bullied year high school preaching mental health shut,cyberbullying
facebook getting desperate friend suggestion facebook friend girl bullied high school facebook friend ex boyfriend,cyberbullying
girl van dili zed parent house high school bullied numerous time asian calling fat went way hate mean day message saying great looked asked buy pyramid scheme good,cyberbullying
culture specific america least encountered europe pretty appalled prevalent starting high school girl bullied enough drop comp sci major kudos hope elected,cyberbullying
sound irrelevant like retard commentary couple bully fighting school yard,cyberbullying
jaya pal school anyone threw childish temper tantrum child probably schoolyard bully,cyberbullying
bully failure middle school back,cyberbullying
popular girl high school model girl got bullied girl,cyberbullying
bully school jealous even year pompous year old tall pretty one,cyberbullying
really friend something almost family mine started yr ago bully hate seeing always compete el em school fall love romantically tho pure family love even,cyberbullying
high school eff bully,cyberbullying
grew farm bully preppy school got transferred year tried mess realize growing around animal ten time size change perspective got disciplined busting nose got point across,cyberbullying
saw one girl bullied high school year amazing anger resurface time huh,cyberbullying
continues secondary school start competing achieve standard fight bully feel validated closer standard victim,cyberbullying
kno middle high schooler niche interest fun vicious got bullied looking back really glad disney princess girl,cyberbullying
nigga used bully elementary school dick thought ugly mao,cyberbullying
invented word wait cry like victim courtney bully since high school yes destructive learned behavior,cyberbullying
help irl exposed group girl school bully body shame,cyberbullying
sorry double comment elicited similar primal reaction tell people mean girl high school bully imaginary men online woke ness point,cyberbullying
wish bully school,cyberbullying
lost count number girl bullied queer high school relationship woman,cyberbullying
bully unfortunately either bully get bullied school sadistic survive,cyberbullying
favor bl provided done anyone collect billion dollar fed housed put school al destroy nothing ruder rape bully extort lie cheat live parent scumbags,cyberbullying
happened every bully ever knew school change get badge continue impunity,cyberbullying
girl saying lily literally fucking bullied high school race lily fucking unpleasant racist,cyberbullying
always complains blank make sick high school bully laughing loud,cyberbullying
would never blame mental illness someone else like ever however find destructive interesting several girl bullied middle high school latest facebook post self harm recovery interesting,cyberbullying
look told bullied girl really interested high school got college got relationship girl hot hell crazier anything pretty manipulative pretty much ruined gt,cyberbullying
exactly type girl physically bullied high school allowed adult see anger frustration,cyberbullying
bad could speak sexual assault uh wrestler told happening bully big mouth barr though oh mentally retarded law school graduate yes question whether court hearing,cyberbullying
wonder many girl bullied point suicidal intention high school fooling faculty faux cutesy person,cyberbullying
tell trying super hard alt since beginning always trying put front nerdy moron girl like anime anxiety probably bullied people junior high liking,cyberbullying
ah school bully,cyberbullying
ring song vibe girl bullied like ring person would high school girl telling girl fat ugly,cyberbullying
oh hah made joke homophobic high school bully gay funny laughing loud,cyberbullying
imagine bully gave hard time school dave porno sad,cyberbullying
girl know truly care hear high school classmate bullied christ still amp wan na play friend uhh thank better,cyberbullying
school bully leaving join government,cyberbullying
oh god girl bullied high school adult hateful,cyberbullying
yes ca local government else workplace school private business like stadium movie theater et cetera require one parent school administration bully parent get pretty much becomes mandatory normal life scary,cyberbullying
catch situation president threatens take away school funding school open bully moreover take one person bring virus home school spread matter horrible location,cyberbullying
really hope people losing faith orange faced buffoon never faith start knew con man election nothing happened change mind understand people like school yard bully,cyberbullying
found girl bullied back high school still posting shit contemptible fault though deserve,cyberbullying
hah thank teenager complex girl bullied jr high fake asking really messed mindset,cyberbullying
always see guy city bus used friend high school stopped friend christ gave phone number girl bullied every time see bus give dirty look,cyberbullying
bia tch say got bullied school making excuse one left chose talk bachelor,cyberbullying
yes bc uz went bully school,cyberbullying
group girl bullied high school hit separately hang cause think look like someone could chill smoke wonder know know friend hitting bullied,cyberbullying
high school bully,cyberbullying
girl seizure lunch high school went hospital another girl say oh faking got bullied like rest day,cyberbullying
remember back high school girl bullied photoshop picture everyone face tune,cyberbullying
hey dumb fuck cel eb stop something people publicity facebook fuck happen life nigger coward,cyberbullying
fuck bitch tweet real time fuck obama dumb nigger,cyberbullying
joe racist many video audio clip racist shit spewed past anyone see anything racist hate black people admit love woman touch look stuff,cyberbullying
truck look dumb fuck trying make look worse country quit try nigger,cyberbullying
nigger food cafe today disgusting,cyberbullying
muth fuck still ego tripping fool fuck damn ego live life fullest laughing loud dumb nigger abusive bullshit,cyberbullying
play dumb fuck contemptible yo little white nigger aw,cyberbullying
say fear suspicion retard called nigger nigga negro point life use word period talking non black people specific white passing mixed kid thin ice,cyberbullying
oh look dumb nigger ghost acc fuck dumb motherfucker,cyberbullying
bitch dumb talk bout dew said say ed nigger nigga laughing loud bitch fuck,cyberbullying
try throwing ur dab first hitting torch till start bubbling switched becuase hate ccd ident ly taking hit one laughing loud,cyberbullying
judgment one know remember early youtube seeing black face saying nigger remember seeing compilation shane dawson disgusting stuff confused darling,cyberbullying
african decent give fuck change name steve good credit discredit black culture still nigger country like fucking cut bullshit look dumb hell still dont give fuck,cyberbullying
information phrase rabid mind dumb fuck shaking head nigger day walk,cyberbullying
hypocrite nigger stupid saying make look like dumb piece shit im bred fuck pp zp zp zp,cyberbullying
mma assume hacked fuck michael brown pathetic dumb nigger,cyberbullying
fuck faggot nigger instant message go go kill self better dead dumb fuck run future fuck un obama,cyberbullying
see though right tweet real time gt fuck obama dumb ugly nigger bitch fuck eat dick,cyberbullying
bitch sound dumb af nigger beat fuck,cyberbullying
racist bitch dat dumb nigger still leading country fuck fuck obama dumb freak nigger,cyberbullying
fuck em opioid opioid would nigger junkie bad die realize sick smart dumb enlightening rest self hating idiot believe bullshit,cyberbullying
historian james mcpherson sneaky barbara field discus racism slavery amp colored troop civil war private message post meridiem extra terrestrial,cyberbullying
yes racism still exists mean everybody get hurt take ur race colored glass,cyberbullying
fuck dumb nigger,cyberbullying
get da fuck outta dumb nigger bitch bout nigger bitch stop telling boy,cyberbullying
man fuck instant message bout despicable un follow dumb nigger,cyberbullying
hate nigger keep saying brown skin girl dark skin people shut please hard acting ignorant failure fuck sound dumb,cyberbullying
fuck bitch nigger ya instant message lil tune chi mma nuisance go stupid go dumb like three stooge,cyberbullying
boy world ful surprise left ruthless nigger shit damn town dumb fuck,cyberbullying
ngozi coffee colored child moving experimental doc explores painful memory director amp brother share experiencing racism child white mother unable coward help navigate encounter,cyberbullying
def dont want ur nasty nigger vagina like ur dumb bitch gt fo,cyberbullying
spiteful wear cam overall shoe fuck sister eat raw deer meat tweet real time nigger dumb,cyberbullying
live seattle born mo progressive hick dumb fuck relative mo still refer part nigger town,cyberbullying
process cruel illumination nimrod ham mite called african say seed mother say hair white wool white father negro white men seed know enemy,cyberbullying
black ugly bitch jealous sexy white girl black bitch know black guy love sex white girl sex black ugly hoe dont jealous nigger sex black hoe disgusting feel like punching black hoe fat lip face,cyberbullying
novel colored lieutenant fervent effort withstand hostility racism army,cyberbullying
fuck obama dumb nigger cause nobody give,cyberbullying
good luck contacted tip life transport london number thing past year heard anything back email go black hole,cyberbullying
dumb fuck nigger fucked ally,cyberbullying
read youtube comment regarding tray von pissed fuck dumb fuck wrote love seeing pic nigger dead,cyberbullying
fuck bitch got moron yr get used tweet real time fuck obama dumb nigger,cyberbullying
ok girl got first wear one small pad first come blood wo come squirting everywhere tell mom buy pad fun getting ur period,cyberbullying
fuck nigger music type dumb shit red neck drunk shit trying fight diamond gang cu,cyberbullying
calling boot lip like calling white boy fuck nigger dumb reach dori amp mt dew hour left,cyberbullying
bitch fuck dyke bitch fuck shit nigger pussy blue haired bitch fuck dumb nigger fuck pussy,cyberbullying
giving free airtime first people buy airtime chipper app download play store apple store one reply screenshot ur airtime purchase get credited free airtime cash back airtime,cyberbullying
still considering entrenchment racism public space write statement pictorial history negro america published spotlight depth idiocy machine soft drink white colored slot,cyberbullying
fuck obama dumb stupid cunt number one,cyberbullying
ban light ate near racial slur slot fed cbe dacca acb man fuck dumb nigger slacker,cyberbullying
,cyberbullying
oh naw malicious tweet real time fuck obama dumb nigger gt dumb cracker,cyberbullying
three black woman trying cover spin trump saying word disgusting shit heard really moral equivalent dirt omarosa trying burn bridge sport always always trash,cyberbullying
shut fuck get respect fuck yo best friend forever black friend let say nigger look dumb af,cyberbullying
sad see racist saying nigger wow dumb fuck,cyberbullying
ur first one,cyberbullying
fuck nigger nigger dat fuck dumb night broke nigger stay broke,cyberbullying
wear white sock nigger colored racism fuck stahlbaum,cyberbullying
black dude perm buisness ur lk round look dumb ignorant fuck try na kidd pure nigger,cyberbullying
definitely lot clout grabbing non black people past couple day seen guy qr idiot tag anything equally stupid ur awful bad take drag like good hate racist much black people,cyberbullying
saying like football equivalent acting dumb fuck class object dumb nigger ridicule stop contemptible,cyberbullying
kiki shut fuck dumb ugly nigger,cyberbullying
tweet even bt conflict first place bt pop ur one trying argue politics slacker talk bt care bt arguing,cyberbullying
nigger dumb fuck ky,cyberbullying
singing told shut said bitch fuck yu cousin said stfu dumb nigger,cyberbullying
white friend called negro ignorant problem get life,cyberbullying
thought paris hilton racist apparently tape calling black dude disgusting nigger something,cyberbullying
swear people think instant message dumb wan na play mind game nigger fuck,cyberbullying
call people nigger follow team full black people dumb fuck,cyberbullying
laughing loud nigger dumb fuck,cyberbullying
obnoxious nice drop nigger guess know play two half dumb fuck,cyberbullying
yes apparently hi atari father want reconstruct black wing still know far past arc seem mean anything present series mysterious wish get answer soon,cyberbullying
nigger look act asian fuck wrong dumb rude,cyberbullying
mad shit laughing obama tweet real time fuck obama dumb spiteful nigger,cyberbullying
preach even black men say female behave like fight white past like anything,cyberbullying
tweet real time black people disgusting go something nigger good,cyberbullying
start brown bullshit black nigger filthy amp kill,cyberbullying
yeah think disgusting movie nigger vulgar keep repeating enjoying black cock,cyberbullying
fact still calling others disgusting drop name let black twitter take care thing side note friend mine also pretty young please forgive mistyping christ advised share story,cyberbullying
place call home retard colored,cyberbullying
yeah neither get fuck outta house dumb pompous nigger,cyberbullying
fuck dumb pathetic nigger thot,cyberbullying
people think fuck stupid nigger ant dumb,cyberbullying
transphobia come black community fucking disgusting dumb nigger,cyberbullying
mbr kid exposing something racism book incompetent said colored people like live,cyberbullying
fuck dumb nigger coon know da despicable,cyberbullying
stupid dumb mutt bitch get money oh hh stfu nigger still getting away half partner laughing loud still living whole double life secret family like least pay bill relax,cyberbullying
pa spot went check order inside white person chatting assumed black friend called worthless air monarch saw negro distress went anyway,cyberbullying
another slam think fuck finest stopping shit dumb nigger fraud,cyberbullying
one thing fuckin make blood boil country fuck call black people nigger like stfu dumb cunt lovin tractor head bitch,cyberbullying
bitch wan na die fuck obama dumb must doe,cyberbullying
fuck obama dumb nigger,cyberbullying
bar rock dumb coward fuck fucking economy let nigger,cyberbullying
still dumb nigger laughing loud tweet real time shaking head still see say shawn find gy al yet still listen rap fuck goat,cyberbullying
fuck dumb fucking nigger funny,cyberbullying
tweet real time cunt tweet real time fuck obama dumb deplorable nigger,cyberbullying
black coffee used entire hand nerve type house nigger disgusting human coward mean gon na call people house nigger damn chest,cyberbullying
intelligence tv show awful basically commission sell diverse diversity inclusion diversity hah aha one pay colored person ba know meet inside real gchq racist racism mistrust jerk,cyberbullying
tweet real time say ignorant black person tomorrow get boxed dumb bitch tweet real time fuck obama dumb nigger,cyberbullying
go hell start brown bullshit black nigger filthy amp amp,cyberbullying
put yoo trust inn nigger dumb bitch fuck nigger shit fuck em,cyberbullying
loved every second spent playing game ur one first friend made twitch thankful met miss thanks greeting,cyberbullying
pay know walk way paying think might drive bit safer understand,cyberbullying
agree rape gay racial murder joke funny prude,cyberbullying
like saying rape joke funny anyone read twitter would know,cyberbullying
pity tide come mean sink annie meatball kitchen rule,cyberbullying
tweet real time pathetic emi nazi revolution,cyberbullying
proved pretty face oh nikki proved stupid first appeared tv kitchen rule,cyberbullying
tweet real time bitch friend hate like,cyberbullying
tweet real time aska white feminist seriously right none answer question,cyberbullying
people assume saw amp blocked nope blocked slacker knew fem use block list,cyberbullying
remember folk joke april fool actually cause hurt laugh please joke mental coming rape real issue stu gg le daily,cyberbullying
god must tolerate rape gay joke near everyday,cyberbullying
tweet real time sneaky sexist double standard men amp woman want guy everybody want want,cyberbullying
see yes think associating rape gay get leverage joke make seriousness assumption gay men toxic wrong think original poster work fact joke also contribute toxicity playing existent homophobia,cyberbullying
um wrong said jail making light abhorrent amount rape occurs men jail despicable homosexuality sexual violence correlated made joke anyone sexual orientation,cyberbullying
raped,cyberbullying
black comedy scene needing deep cleansing lea aast decade rape joke trans joke gay joke still go,cyberbullying
watch pepsi ipl new rape deplorable gay joke ipl inning,cyberbullying
also gay marriage make rape joke also could guess fucking hate,cyberbullying
tweet real time sexist slightest woman comedian allowed funny,cyberbullying
tweet real time ten thing fat feminist really care,cyberbullying
tweet real time nasty da woman dey opp wes sed,cyberbullying
miley cyrus make date rape joke onstage gay impromptu appearance london club gay freak,cyberbullying
god hate mom drunk female know drink every time bringing stood man stfu gon call fl fall asleep one true pairing bitch,cyberbullying
tweet real time believe equal right sexist woman reaction time amp general awareness going whilst,cyberbullying
somehow straight men oppressed christ harass woman even accident horribly punished affirmative action meant woman got hired true woman could amp hateful ruin life make gay joke,cyberbullying
guy like brother wish female would call fucking bitch,cyberbullying
yet somehow thrive without ignorant laughter call sexist find woman funny,cyberbullying
woman legal right every western nation privileged,cyberbullying
insert gay joke true story guy asked wasnt afraid house gay cousin know gon na rape bathroom probably writing mop rape scene netflix guy,cyberbullying
ever call bad bitch ca uz ruh know baddest female stfu,cyberbullying
thing violate grand old party religious freedom gay cake gay manipulative cake thing cool rape assault joke cole,cyberbullying
tweet real time sexist hate feminist female already got equal right stop complaining,cyberbullying
female calling men pig menacing okay men call female bitch scum internet okay,cyberbullying
reason dont female friend bitch let hoe talk shit bitch try best like amp amp call competition bitch find female intolerant like amp become best friend,cyberbullying
tweet real time swear horrible sexist get lady outta come football,cyberbullying
pro tip helping gay right simulating rape onstage joke want help,cyberbullying
heartless suppose instant message sexist woman goddamn leg,cyberbullying
tweet real time arrogant sexist fuck marvel disrespecting thor like,cyberbullying
see female call man type bitch could never one got ta much disrespect even need together love mine way much,cyberbullying
co work wes made rape joke arent job poorly instant message gay guess,cyberbullying
blocked blocked sexual abuse apologist tl,cyberbullying
yeah made trans phobic joke trans woman cait lyn scheming jenner also made gay joke rape joke,cyberbullying
stand female sport woman work life knocked ring biological man woman cycle everyday beaten biological man stand woman even call trans phobic bitch woman,cyberbullying
racist joke religious joke abortion joke rape joke joke literally anything else fair play gay joke,cyberbullying
man stop babbling squirming admit wrong,cyberbullying
nope hence two different term,cyberbullying
damn dude disgraced today american audacity call female disgusting fired immediately,cyberbullying
need sinclair tr ect,cyberbullying
tweet real time sexist girl fight plain suck whether professional girl street derogatory want part,cyberbullying
audience revolt margaret cho joke rape white gay people,cyberbullying
raped synonym touched got raped water,cyberbullying
removed family guy black joke asian joke white joke sociopolitical joke drug joke rape joke movie joke actor joke car joke cartoon incompetent joke,cyberbullying
miley cyrus make date rape joke pompous little bit take one mil gay lgbt,cyberbullying
first time since nd world war police entered disabled lady home forcibly arrested saying gay also count dan kul arrested joke involving dog tommy robinson bring attention child rape british broadcasting corporation,cyberbullying
sassy like trashy kitchen rule kitchen rule,cyberbullying
mine enforced men jail visitation example aside,cyberbullying
hope sentiment next time someone call female member family fucking bitch,cyberbullying
friend rape something joke sorry offended maybe check posting saying mad gay love equally nothing rape nothing stand behind joke,cyberbullying
laughing loud bitch af female call,cyberbullying
year ago please never accused sexual assault fid read made one rape joke drunk depressed apologized later never fetish zed anything pansexual gay icon,cyberbullying
rox ne gay daniel abusive tosh rape joke must read,cyberbullying
meh myers regains form forget ever existed arm lemieux great asset,cyberbullying
yes insensitive racist sexist donkey tried rape,cyberbullying
tweet real time colin say meat thigh moist amp tender talking main dish nicki thigh kitchen rule,cyberbullying
make rape joke joke glad gay killed,cyberbullying
tweet real time hate dirty bitch give obnoxious everybody,cyberbullying
advocate new york hateful post make gay rape joke jared fog le cover lgbt news entertainment,cyberbullying
twitter stans weak seeing jack apologized smoking weed cant even apologize rape joke allowing friend use gay insult,cyberbullying
think pretty hateful even adult child playing doll,cyberbullying
insulting celebrity attention fave said pay prostitute rape son found son gay defended saying appropriate joke year ago people laughed fucking idiot,cyberbullying
better actual joke thinking pair gay men rape ryuu ji joke kama chill bar lady,cyberbullying
provided men amp woman perfect equanimity,cyberbullying
little gift male comedian seen making rape advanced micro device gay joke found shit comedian,cyberbullying
despicable,cyberbullying
joking idea ocs safe work artist mean like basically plan like gay course original character orange county drag siren siren rape breathe spiteful mean funny gay course original character orange county idea rape said joke siren love gay,cyberbullying
good goose good gander horrible opinion word ok call female republican bitch female democrat trying say little biased think,cyberbullying
first really understand gay go femme fatale second twitter joke justify rape,cyberbullying
think lemon tart think tart lemon yes colin see kitchen rule,cyberbullying
tweet real time sexist woman sport analyst insensitive thing,cyberbullying
ever laughed rape joke ever laughed joke pedophilia ever laughed joke gay people picture different joke either ok none ok,cyberbullying
bred ignorant dangerous emi nazi country,cyberbullying
tweet real time every girl sad boy,cyberbullying
tweet real time fifa girl go together sexist,cyberbullying
big brother back bad bbl aught ashamed bb jason remark rape gay joke,cyberbullying
unfortunate gay rape joke,cyberbullying
course spartacus also treat gay character joke make stereotype rape shown ultimately make stronger killing slaver liberating slave never portrayed bad thing mark prestige ness guess,cyberbullying
curious politically correct personal computer police stopping type saying joke rape joke gay joke oh end comedy,cyberbullying
thanks another joke bt rape prison system high thank much realize town joke rape joke funny man raped photoshop play station post script gay people realize town darling son joke push idea gay men rapist understanding consent stp encouraging,cyberbullying
kat andre strategically scoring need kicked kitchen rule kitchen rule,cyberbullying
tweet real time sexist girl constantly heartless complaining stuff tv kind annoying,cyberbullying
fun fact mommy issue yet call woman,cyberbullying
tweet real time call sexist comfortable lady pompous reffing football,cyberbullying
hate rape joke people use gay negative term racial slur homophobic slur,cyberbullying
call another especially bitch,cyberbullying
lesson learned today going act like idiot emi nazi expect treated like one blocked,cyberbullying
post problematic female breadwinner would never call another woman chooses work hold household generalize partner controlling,cyberbullying
amp gone always hoe,cyberbullying
dr asco gay insensitive porn star name,cyberbullying
tell extra gay del xxe tony balch en aka primetime obvious gay man hello gay make straight people gayda go yet gay bash amp make ugly rape joke disabled lady raped,cyberbullying
mention heavy topic literally dont even think bt following following rape pedophile sexual harassment apologist trans phobic trans please get sexist homophobic make clear gay laughing fetish ize gay relationship,cyberbullying
took priest year convince tell cop served year got month,cyberbullying
de ano de bullying,not_cyberbullying
born perfect going make mistake learn,not_cyberbullying
guess saudi almost absurd stuff tweet real time publishes,not_cyberbullying
look guy anything intentional conner vernon play unc would totally,not_cyberbullying
enjoy feel school hate ratchet school,not_cyberbullying
happy look smile laughing loud,not_cyberbullying
bullying um sun fa le com seus pais open university hah hah hah,not_cyberbullying
stomach must feel way,not_cyberbullying
kitchen rule blond talk much need work harder cooking,not_cyberbullying
acacia strain gave intense anti bullying speech video watched,not_cyberbullying
know miss little asian met math class alyssa asian mexican last name laughing loud fun child,not_cyberbullying
kitchen rule everyone scoring strategically get rid one cook keep kat amp andre ca cook,not_cyberbullying
love killing woman child objection exactly shelled ko bane,not_cyberbullying
viv moment article effort please read share,not_cyberbullying
pena que bullying na,not_cyberbullying
tweet real time kurdistan fighter threaten kill assyrian hostage coalition airstrikes stop,not_cyberbullying
thanks making kitchen rule unbearable watch stop dragging,not_cyberbullying
eliminate team strategically voting sort person make chef petty person kitchen rule,not_cyberbullying
tweet real time sure christian mosul agree wait killed driven,not_cyberbullying
never used ice cream maker kitchen rule,not_cyberbullying
confirmed seeing thing web,not_cyberbullying
nope play wow good work ux,not_cyberbullying
week going hell earth see already,not_cyberbullying
good morning twitter,not_cyberbullying
oh jesus instant restaurant kitchen rule,not_cyberbullying
seen kind,not_cyberbullying
oh damn got working kitchen rule,not_cyberbullying
forgot annoying dras ko kitchen rule kitchen rule,not_cyberbullying
cant believe put one goz le epic fail kitchen rule sad,not_cyberbullying
dev week match outfit,not_cyberbullying
tweet real time look like somebody made pointless account get thrill telling complete stranger,not_cyberbullying
old enough fooled religious fraud,not_cyberbullying
kat give absolute shit kitchen rule,not_cyberbullying
,not_cyberbullying
tweet real time someone paying money get reported twitter twitter sj version,not_cyberbullying
,not_cyberbullying
pu edo de jar de ver line site video en que kel lan se burl de roberto tan bullying dd,not_cyberbullying
kitchen rule view,not_cyberbullying
thanks love,not_cyberbullying
tweet real time scapegoat join party,not_cyberbullying
even remember people kitchen rule,not_cyberbullying
reassuring family okay losing dog would devastating family,not_cyberbullying
tweet real time syria raid rebel den dara dei rez amp kill several terrorist,not_cyberbullying
suck sheri emilie dont let behaviour others get kitchen rule,not_cyberbullying
bully subtle way leave detail,not_cyberbullying
kat kind person would cheat win still think made better cook new bad die kitchen rule,not_cyberbullying
first bus ride warrior get phone eats hit sunshine,not_cyberbullying
noo kitchen rule,not_cyberbullying
tweet real time place people take phone pix cel eb people take phone pix man thrown roof stoned death,not_cyberbullying
ca bully real nigga,not_cyberbullying
female slavery saudi,not_cyberbullying
good warthog feast,not_cyberbullying
tweet real time muslim apparently questioning islam welcome middle east,not_cyberbullying
hobby listening morning news yelling back tv,not_cyberbullying
calling sexism woman field call sexism field blowing fucking mind right,not_cyberbullying
combating online harassment mean jerk wo exist everyone jerk sometimes ever afraid,not_cyberbullying
would eat food pair stuck finger kitchen rule,not_cyberbullying
bullying te queda credit card carbon copy crowd control country code,not_cyberbullying
never pull take year,not_cyberbullying
way many team kitchen rule,not_cyberbullying
nobody like pray lynn amp tony kitchen rule,not_cyberbullying
pause horror realize harsh reality statement,not_cyberbullying
spectral guy party time,not_cyberbullying
tweet real time love new york city million march nyc black life matter,not_cyberbullying
live jungle,not_cyberbullying
ian gone say,not_cyberbullying
kitchen rule get blonde bogan tv please,not_cyberbullying
edgy mean get complain persecuted saying horrible thing continue face consequence saying,not_cyberbullying
loving look fritter kitchen rule,not_cyberbullying
tweet real time really hope katie nikki butcher menu kitchen rule,not_cyberbullying
removed refresh think,not_cyberbullying
ml kitchen rule,not_cyberbullying
breakfast look raw kitchen rule,not_cyberbullying
searching name contacting people talk bit,not_cyberbullying
bad like damn,not_cyberbullying
could hold job amp still catch kitchen rule every night urban value,not_cyberbullying
watching gate confuse sc etching another morning lt,not_cyberbullying
good morning lil hun ni,not_cyberbullying
read phrase feminist agenda snorted cereal yes let international conspiracy unveiled,not_cyberbullying
normally nope,not_cyberbullying
confession cheating teacher easy lose moral compass,not_cyberbullying
fantastic one,not_cyberbullying
getting boring camera crew resorted bird watching,not_cyberbullying
wait till back sixth form im bully ki xx love outta,not_cyberbullying
heck yea time boy,not_cyberbullying
twitter allows yr old yr old generally bank acc lot people bank cash,not_cyberbullying
bully van come see one black boy road hooded reversed kicked,not_cyberbullying
brandy killing shit tempted actually buy album,not_cyberbullying
good work buk mak lu jang kut teru anti kam aku bully mala kucing bay kel nya rent,not_cyberbullying
nacho shield favorite,not_cyberbullying
tweet real time got kidding,not_cyberbullying
lax choose,not_cyberbullying
spot rain wo stop pig cooking see kitchen rule,not_cyberbullying
yeah maybe well laughing loud,not_cyberbullying
never compare islam close study spiritual philosophy wo know talking,not_cyberbullying
really wanted ally get dude bros change tell woman fit dude bros,not_cyberbullying
life better sex know sex know someone dying sex,not_cyberbullying
laid bike intentionally versus worse accident bruised fine,not_cyberbullying
good morning beautiful people,not_cyberbullying
,not_cyberbullying
say,not_cyberbullying
laughing really wanted take,not_cyberbullying
sent reading list later thank,not_cyberbullying
na boa bullying nao tem pra pratica alias se humi har ro bom pra voice chat de culpa voice chat um ota rio,not_cyberbullying
eat buffet pizza hut pizza bread stick amp salad,not_cyberbullying
kitchen rule standby people becoming sick dod gy egg bad hollandaise stupid pun,not_cyberbullying
wait till hear score butcher model kitchen rule,not_cyberbullying
tweet real time told screwdriver bit allowed handle allowed together,not_cyberbullying
oh look threat really care,not_cyberbullying
vicky celine win shit go girl love yall beat satan kitchen rule,not_cyberbullying
ash camilla people choice dish great kitchen rule,not_cyberbullying
kat andre priceless kitchen rule tv week mag,not_cyberbullying
love nay adri lt lt lt,not_cyberbullying
notice seating woman men seperate one sign sexism gender apartheid islam,not_cyberbullying
rob dave amp hand camilla strongest contender far camper agree judge kitchen rule tv week mag,not_cyberbullying
tweet real time thanks bud go ahead compare misogynist asshole good thing tech social policy,not_cyberbullying
laughing loud,not_cyberbullying
bacon tho kitchen rule,not_cyberbullying
shame lyn tony leave deserve kitchen rule,not_cyberbullying
hh hh,not_cyberbullying
work way sorry disappoint one care want,not_cyberbullying
someone today said pete evans kitchen rule never filmed putting food mouth true,not_cyberbullying
mei quem vai rer bullying agora eta eta eta tomo na arra que ta,not_cyberbullying
never actually put word taliban wiki,not_cyberbullying
laughing loud every time phone ring keep thinking school,not_cyberbullying
know prophet called woman stupid corrupt,not_cyberbullying
fuck amp shit would choice,not_cyberbullying
tweet real time hollywood moron day cot liam neeson paris attack gun ownership bleeping,not_cyberbullying
kitchen rule mighty killer rat eat kitchen medium oz rant,not_cyberbullying
tweet real time ignoring happening marginalized user software tool,not_cyberbullying
,not_cyberbullying
karl ricky feel like bullying hit head mobile phone see sound made idiot abroad,not_cyberbullying
aut happy birthday xx,not_cyberbullying
ethic journalism,not_cyberbullying
literally decide team like le kat andre versus katie nikki kitchen rule kitchen rule,not_cyberbullying
care cern vich done goddamn ethic real though,not_cyberbullying
kitchen rule,not_cyberbullying
done college im move florida doubt,not_cyberbullying
,not_cyberbullying
en que hab lando sobre bullying,not_cyberbullying
opportunity prove like first time er yeah spirit kitchen rule,not_cyberbullying
anyone medium company email could try sending cv work experience industry placement,not_cyberbullying
success stop wad hwa,not_cyberbullying
toxic gas belonged,not_cyberbullying
let honest feel like going mine bigger contest dras ko steve kitchen rule,not_cyberbullying
please please please annie cat feature episode naked amp afraid stranded island together kitchen rule,not_cyberbullying
tweet real time notorious chan history wiped federal xing,not_cyberbullying
ruby implementation threading definitely get hot,not_cyberbullying
surprise announcement another group contestant done kitchen rule,not_cyberbullying
information instant message class,not_cyberbullying
instead try turn gamer gate freedom expression uh asshole,not_cyberbullying
tweet real time believe think money attention,not_cyberbullying
driven past old school girl cross country skirt cold remember day,not_cyberbullying
understand score seems wac kitchen rule,not_cyberbullying
unsubscribe,not_cyberbullying
know exactly feel woke morning thinking damn still mky,not_cyberbullying
kat maybe shelve sch aden fru de towards get judge critique,not_cyberbullying
scrubbing bubble work amazingly well,not_cyberbullying
nobody strategically score yet bottom comp table hah aha kitchen rule kitchen rule,not_cyberbullying
goal made previous liverpool era stevie touch class,not_cyberbullying
tweet real time kitchen rule heading another instant restaurant round,not_cyberbullying
call,not_cyberbullying
must read jezebel must,not_cyberbullying
new campaign,not_cyberbullying
tweet real time kitchen rule maybe girl go back cutting cow pig quit day job,not_cyberbullying
present imam propaganda hadith verse,not_cyberbullying
throwback vive offered show around shut shut,not_cyberbullying
twitter bulling,not_cyberbullying
gy al gettin bullied,not_cyberbullying
human alex rogers compelling story reality bullying school reading list,not_cyberbullying
del en escuela priv ada la se cree queen bee,not_cyberbullying
round kitchen rule guy amazing job zee bie starting get anxious turn,not_cyberbullying
go team sheri emilie girl rule kitchen rule kitchen rule,not_cyberbullying
se aca bar bullying quem pag lanc,not_cyberbullying
oh saw latest version help doc bugged way,not_cyberbullying
oh well back promo work kitchen rule kitchen rule,not_cyberbullying
wont bringing back love wont com back,not_cyberbullying
also got phone docked next computer throw notification dirty money syndicate use web interface politically correct personal computer send,not_cyberbullying
laughing loud mccain thought talking moderate fsa people way vetting people room,not_cyberbullying
want reach touch laz full video kitchen rule,not_cyberbullying
one friend follower use speaker box class,not_cyberbullying
coming lot spot recently,not_cyberbullying
crime cooking ha ha kitchen rule,not_cyberbullying
word different impact depending power hard concept clarify whore guy sexist,not_cyberbullying
money,not_cyberbullying
listening especially child bullied harrassed school sympathetic ear,not_cyberbullying
pancake selling like hotcake sha yes yes jac wish could sample kitchen rule tv week mag,not_cyberbullying
fuck class fuck school period wan na play ball,not_cyberbullying
actually kind interesting give call later next week need talk anyways,not_cyberbullying
tweet real time charlie bo cartoon people died today view share jesu charlie,not_cyberbullying
never heard silence quite loud,not_cyberbullying
say goodbye little butcher girl kitchen rule,not_cyberbullying
think today going smooth day hope,not_cyberbullying
getting home schooled,not_cyberbullying
minh pi bullying escu lacha hua hua,not_cyberbullying
robert back kitchen rule,not_cyberbullying
hmm methinks might need rethink letting couple score instant restaurant season kitchen rule,not_cyberbullying
kat disgrace kitchen rule,not_cyberbullying
palestra sobre bullying present ada ahead schedule alun da em ef prof serafin de luca cher fen via,not_cyberbullying
give tomorrow morning,not_cyberbullying
tweet real time smear lemon tart kitchen rule,not_cyberbullying
big double announcement kitchen rule everyone think,not_cyberbullying
obvious guy one put paid propaganda troll ca find tweet lie,not_cyberbullying
tweet real time british broadcasting corporation islamic state fighter burned death people western iraqi town,not_cyberbullying
thing really concerning stalker ish obsession reminds dude showed work,not_cyberbullying
im get called pump faker laughing loud,not_cyberbullying
ahh fro bulling da camera fotogr fic,not_cyberbullying
bri li ante dont think spelled right,not_cyberbullying
thing enjoy reading bully thug getting deserve armed robber pick wrong year old,not_cyberbullying
tweet real time kat andre survive spewing kitchen rule,not_cyberbullying
born ed,not_cyberbullying
agree sherri emilie serving anything yet oh dear lord need stress life kitchen rule,not_cyberbullying
go come kitchen rule,not_cyberbullying
rip wat threaten th web bully,not_cyberbullying
yu jason lot experience twitter seems healthy world view,not_cyberbullying
maybe someone use kat weber kitchen rule,not_cyberbullying
hah hah ahh ky ky,not_cyberbullying
sure speaking year first conference ever presented,not_cyberbullying
least mainstream medium manages basic fact checking like confusing,not_cyberbullying
kk,not_cyberbullying
soon working got ta move fast,not_cyberbullying
dae sh many front fight concentrated manpower succeed,not_cyberbullying
miss bam standard,not_cyberbullying
last time saw much blood table watching alien kitchen rule,not_cyberbullying
keep saying ur,not_cyberbullying
problem legal system protects bully factor bully get pissed infringe power,not_cyberbullying
looking icon judging gg gg,not_cyberbullying
tweet real time black life matter blackout friday tired waking news another black life ended,not_cyberbullying
wah di follow sm school bully young gangster th la lu ngata good work freak britain got talent ih lo made teen year unbearable,not_cyberbullying
tweet real time boy friend make statement amp agreed said wrong ban men,not_cyberbullying
tweet real time show never end yes go friend people started watching knowing,not_cyberbullying
rob hat,not_cyberbullying
every highschool game go instant message blunted,not_cyberbullying
horrible dream last night getting bullied horrible thing,not_cyberbullying
read response quem bullying loir burr nerd da chamad,not_cyberbullying
studio return da bully drop pin september th,not_cyberbullying
support accuracy comedy ok ridicule possible grammar proper spelling always,not_cyberbullying
eu fi bullying na es sem,not_cyberbullying
bullying kali km rn ud cuk men adi surprise ter send iri bu gue,not_cyberbullying
seu erda bullying se com erda,not_cyberbullying
need muscle need need need need,not_cyberbullying
tweet real time laughing loud even promoted tweet slur oh gamer gate,not_cyberbullying
ca even chain smoke away uz sick world cruel cruel place,not_cyberbullying
pretty sure commercial purest vile distillation ky ri arch,not_cyberbullying
like vegan power right,not_cyberbullying
ver dade bullying,not_cyberbullying
yay go cash man ill kitchen rule,not_cyberbullying
annie lloyd worst dish day ask kitchen rule,not_cyberbullying
tweet real time get award reasonable,not_cyberbullying
pulling lip ring freak mom,not_cyberbullying
yup unless field surprising would know,not_cyberbullying
kitchen rule officially lost respect collin left,not_cyberbullying
target delusion yeah going say thing behaves towards,not_cyberbullying
kitchen rule katie trusting instinct like trusting instinct titanic captain,not_cyberbullying
ache que pi que eu twitter vo fa lar quem bullying,not_cyberbullying
que voc az com bullying,not_cyberbullying
scale,not_cyberbullying
ha hah wo happen,not_cyberbullying
please please start using discernment blunted steroid mean drug dead,not_cyberbullying
cho que ria mu bullying se de co bris sem tipo de que ando uv indo,not_cyberbullying
son fo dan material para acer bullying la pie zao cura,not_cyberbullying
motorist pick wrong cyclist bully via,not_cyberbullying
worry time nazi turn away might bad fear,not_cyberbullying
let forget joan river privileged asshole whined constantly lack right tell oppressive joke,not_cyberbullying
usually go thin crust garlic pesto sauce feta garlic topping good even chain restaurant,not_cyberbullying
got leg back time go mall mermaid shop hah need new seashell bra hah aha,not_cyberbullying
hh hah stupid shit high school laughing,not_cyberbullying
,not_cyberbullying
yo enforcing pax year right find person,not_cyberbullying
even roach amp rodent would eat kat amp andre food royal society prevention cruelty animal cruelty animal kitchen rule,not_cyberbullying
kat shock humiliated,not_cyberbullying
tell think ethic,not_cyberbullying
tweet real time state let un vaccinated school best part legal,not_cyberbullying
tweet real time liberal outrage christian slaughtered iraq syria pj net cot cot,not_cyberbullying
another instant restaurant round ffs kidding done show kitchen rule,not_cyberbullying
tweet real time never thought say hope butcher girl make tonight kat annoys kitchen rule,not_cyberbullying
tweet real time kr minister pe hm erg today victory kirkuk achieved support coalition air power iraqi army,not_cyberbullying
decide true false based like mean accept evidence bye,not_cyberbullying
good morning got new number,not_cyberbullying
forgot annoying annie happens series go ten year kitchen rule,not_cyberbullying
good luck weekend great thing see around town buy coffee,not_cyberbullying
oh god fashion parade time kitchen rule,not_cyberbullying
story ghat fan mohammed always attacking always claiming preemptive,not_cyberbullying
hope instant restaurant round good one getting bit kitchen rule kitchen rule,not_cyberbullying
could ever develop lasting romantic feeling anyone prefer ed amp th edition,not_cyberbullying
judging people good kim good,not_cyberbullying
fuck hit nerd way bully beatdown,not_cyberbullying
lynn tony well know strategic voting kitchen rule,not_cyberbullying
por hab la de eso justo hora toy en cl de sconce ntr de european space agency man era bulling xd,not_cyberbullying
weather make,not_cyberbullying
anyone gif manu saying get co would awesome,not_cyberbullying
best say mixed bag,not_cyberbullying
behalf engineer okay,not_cyberbullying
way kitchen rule kitchen rule,not_cyberbullying
proof,not_cyberbullying
ren um bullying agora que amigo liga nem chama pra nen hum,not_cyberbullying
tweet real time excellent short film eleonore pour riat everyday sexism man,not_cyberbullying
tweet real time congrats john travolta single hand idly creep ed oscar,not_cyberbullying
kno hard time ups amp cry amp fight test test instant message ready take chance,not_cyberbullying
go sleep taking adder ability sleep rid ku lou,not_cyberbullying
kat andre suck deserve go home girl kitchen rule,not_cyberbullying
la gu candy mi amigo de beria demand ar por bullying aja inevitable molest arlo,not_cyberbullying
tweet real time still call minority make sense tweet real time fall minority outnumber white student,not_cyberbullying
crap taste better shit kat amp andre served would feed dead cat villan cheat kitchen rule kitchen rule,not_cyberbullying
still well underestimating judging kitchen rule,not_cyberbullying
tweet real time gun drawn ferguson public domain,not_cyberbullying
make show trying answer question norman mailer even know fellow white dude trivia,not_cyberbullying
yeah worry stuff,not_cyberbullying
yeah needed something mounted directly desk get bored move furniture sometimes,not_cyberbullying
tweet real time outrage kat andre kicked strategic kitchen rule,not_cyberbullying
stated past people bought follower try get account trouble,not_cyberbullying
russian attack maid lie beginning,not_cyberbullying
read response dig adult bullying pas,not_cyberbullying
orig em da pratica bullying colo ca de fei para de baix tape te pen colo car para cim de fei ro,not_cyberbullying
give evidence get penny cia sound nutty erdo gan,not_cyberbullying
one ever writes book called men stop asshole relationship want treated like human,not_cyberbullying
taunted follower cnt back somebody else problem,not_cyberbullying
kat survives,not_cyberbullying
never eaten chicken liver kitchen rule,not_cyberbullying
,not_cyberbullying
sudden diabetic coma kitchen rule,not_cyberbullying
called crackling stop pretentious amp calling crackle kitchen rule,not_cyberbullying
tweet real time giuliani call obama say coward,not_cyberbullying
demi sexual arras ment bullying annoying bu fi il erde bul un lara gel ece se bun lara gel,not_cyberbullying
read ibn warr aq contribution muslim science book muslim,not_cyberbullying
yeah male shepard different interesting like white male pro tag every game ever,not_cyberbullying
get goodnight text wake passing middle conversation classic,not_cyberbullying
bout spark fuck cry bull shit,not_cyberbullying
phone get short message service internet also required twitter,not_cyberbullying
school website,not_cyberbullying
really bad thing know black milk swim fit well super comfy really really bad,not_cyberbullying
know every time post tweet get paid,not_cyberbullying
trying succeeding lost ko bane pe knocking mosul door,not_cyberbullying
got dat gotti mix tape trip,not_cyberbullying
support death penalty murder leaving christianity,not_cyberbullying
secret element decided add dish kitchen rule,not_cyberbullying
wha hah bully pa ba hah want see keng kang ang ba tang may ganga lo wha hah,not_cyberbullying
thing scared whiny man baby lot twitter mention public speaking perl standing afraid feel,not_cyberbullying
got directly muslim student website,not_cyberbullying
well said would see jesuit school keep christ christmas,not_cyberbullying
,not_cyberbullying
pay back bitch gat masa du lu du lu bully,not_cyberbullying
fact kid rock playing waiting room doctor,not_cyberbullying
trade day gold miner dx bullish spread option,not_cyberbullying
photoshop play station post script bueno much le pre gun pero esta bien se que tu si ere buena person bully,not_cyberbullying
point happy wrecking face random bgs done arena month,not_cyberbullying
want attention admitted sellout lot good woman helping write book,not_cyberbullying
someone heard mine mac ie con vo apple bee think idiot,not_cyberbullying
omf min amp nothing kitchen rule,not_cyberbullying
see,not_cyberbullying
bullying se pessoa united state america uma de cad cor em um par de,not_cyberbullying
fuck,not_cyberbullying
dont li ike school break shit lb,not_cyberbullying
dang truth,not_cyberbullying
knew weird,not_cyberbullying
fuck pronounce last name assuming warcraft,not_cyberbullying
jew well secular place high value education instead jihad,not_cyberbullying
one time good luck ya hv fun big love lt xx,not_cyberbullying
bou cleaning,not_cyberbullying
que que que ta dinh party quest time pe que bullying leno hah,not_cyberbullying
bring back complete low life deadbeat bankrupt asshole adam send twitter meltdown kitchen rule,not_cyberbullying
watching dolphin tale co life,not_cyberbullying
woke felt ill told mum going school jumped bed day ever,not_cyberbullying
episode amp date kitchen rule recording laughing loud,not_cyberbullying
better alone suffer oz others,not_cyberbullying
caveat cool men either false equivalence statement unequal weight,not_cyberbullying
oh god dessert deconstructed laughing loud look easy kitchen rule,not_cyberbullying
frio bullying contra sol tei ro uae aue hue,not_cyberbullying
thanks correction sentence withered lack use,not_cyberbullying
high achieving latino conform stereotype vulnerable effect bullying grade,not_cyberbullying
tweet real time first grader asked photo mike brown innocence,not_cyberbullying
yeah hate kind islamophobia,not_cyberbullying
tweet real time one thing bother fact despite hundred woman writing subject man,not_cyberbullying
tweet real time code word floor right kitchen rule,not_cyberbullying
bullying need stop ur awesome amazing person standing agent love bella lt,not_cyberbullying
agora sim que come ce bullying,not_cyberbullying
maybe typo meant list kick apple pie,not_cyberbullying
want win win cooking good food sabotaging people win cheating kat amp andre suck kitchen rule,not_cyberbullying
idea observation completely dismissive low income bracket,not_cyberbullying
ky bar attacked mohammed whole excuse attack fabrication evidence exists,not_cyberbullying
kitchen rule,not_cyberbullying
ti dur gak yaa tau pan teng bully je ya pe hur,not_cyberbullying
bring back clarkson get pumped word deal breaker top gear traitor tr welcome manila ed sheer rho bh kitchen rule,not_cyberbullying
linda harvey lgbt people exist via lgbt glbt gay gls en lesbian school bully,not_cyberbullying
instant message filled joy,not_cyberbullying
something seriously must huffing kitchen rule,not_cyberbullying
read much content enough see getting lot notification ignore fy gm girl,not_cyberbullying
tweet real time skin green color suit wear ripped pant hulk need clothes,not_cyberbullying
tomato fine kitchen rule,not_cyberbullying
seriously though fourth instant restaurant round kitchen rule,not_cyberbullying
seems really wanted book published would published whole story seems bunk,not_cyberbullying
got crap ton mention think understand json key work,not_cyberbullying
victim bullying summer vacation thanks spreading word read post,not_cyberbullying
spam bully software service software service,not_cyberbullying
let serve colin che sausage kitchen rule,not_cyberbullying
brother get together leave go back school st,not_cyberbullying
let see would movement islam religion,not_cyberbullying
went sleep like woke every hr,not_cyberbullying
help help instant message love marilyn manson,not_cyberbullying
whoever decided appropriate temperature building take week quit bad decision monday,not_cyberbullying
taste sydney self ie colin kitchen rule kitchen rule,not_cyberbullying
islamic culture islamic religion,not_cyberbullying
project bully project bully nation news information brought project bully rescue net,not_cyberbullying
good thing got ta gym class next semester,not_cyberbullying
week couple day amp everyone already saying wan na go back school shaking head,not_cyberbullying
meatball morning would problem kitchen rule,not_cyberbullying
gram,not_cyberbullying
played song face crowd clockwork bully,not_cyberbullying
go duck dynasty highschool musical,not_cyberbullying
told pretty good drumming suspense,not_cyberbullying
let forget person started rumbling code got fired zy nga impossible work,not_cyberbullying
one school day teacher always tortured limit called office office shown trace,not_cyberbullying
way stay comp cook good food ouch kitchen rule,not_cyberbullying
hate people say instant message bully lem define someone cause physical verbal harm someone idiot,not_cyberbullying
support set like torch according one website,not_cyberbullying
cream crumb plate work gurls kitchen rule,not_cyberbullying
would know recognize logic fell total idiot would support one sided pacific im,not_cyberbullying
safe kid nye another prime night rapist watch get separated plan,not_cyberbullying
tweet real time quite symbiotic relationship good game point target xxe terror good game,not_cyberbullying
conf ram pa seat que brando silencio contra bullying na pa ju cara esta conte endo agora mil hare,not_cyberbullying
feel bad hoe mama raise hoe today,not_cyberbullying
suck suck,not_cyberbullying
tweet real time kitchen rule eat lamb meatball breakfast thought two ate fairy dust cupcake rainbow unicorn muffin,not_cyberbullying
tweet real time recent shooting berkeley isolated event black person killed every hour right,not_cyberbullying
doe got money da flo,not_cyberbullying
feel like kitchen rule botched first two course serve shot dessert,not_cyberbullying
deconstructed lemon tart basically pile crap plate kitchen rule,not_cyberbullying
tell gaming convention thinking black milk asteroid dress legging spike boot,not_cyberbullying
tweet real time repeatedly calling woman bitch stage part crunch problem woman,not_cyberbullying
tweet real time mark hamill becomes han solo star war bad lip reading,not_cyberbullying
ukr army got non lethal aid scumbag put sent tank,not_cyberbullying
ok amazing awesome folk emailed regrouping discussing email response soon,not_cyberbullying
knew stayed home,not_cyberbullying
katie nikki better get point every time said pretty kitchen rule,not_cyberbullying
come back round thanks kitchen rule,not_cyberbullying
dark sky gt,not_cyberbullying
totally rocked nice guy fat school hah hah,not_cyberbullying
last point complete agreement,not_cyberbullying
th nx,not_cyberbullying
give,not_cyberbullying
motion replace deserve better dump wow shitty fuck wad,not_cyberbullying
follow back please,not_cyberbullying
pillow super cold,not_cyberbullying
lot gun lot shell dumping al waist shell,not_cyberbullying
tweet real time white people bring queerness survivor way silence woman color woman color queer none,not_cyberbullying
think bout right hand instant message finn text,not_cyberbullying
tweet real time american prefer american sniper obama empty chair bd editorial via,not_cyberbullying
like highschool day,not_cyberbullying
time go,not_cyberbullying
note coming take,not_cyberbullying
celebrate quick food shit kat andre kitchen rule,not_cyberbullying
checking,not_cyberbullying
boy class ate orange amp put orange peal sneaker like,not_cyberbullying
good luck fun oxo ox,not_cyberbullying
lta bullying com fabio ren anno raul gil,not_cyberbullying
yay went last year make new friend hate making new friend know anyone else going,not_cyberbullying
lynn tony got change say goodbye kitchen rule,not_cyberbullying
anger bullying work talk row erupted central bed council cbc union mb,not_cyberbullying
giving silent treatment hard laughing loud,not_cyberbullying
sigh need work building legal contact encompass state,not_cyberbullying
tweet real time guy feel entitled body treated basic human decency deep capacity,not_cyberbullying
thanks parading racism,not_cyberbullying
school fucking boring,not_cyberbullying
dont know good luck love rupert understand yeah,not_cyberbullying
tweet real time many asking protest disruptive entire point interrupt status quo plan,not_cyberbullying
important thing working people helping push want message warped,not_cyberbullying
got ta get,not_cyberbullying
last time saw something chaotic long pause somebody ran beehive kitchen rule,not_cyberbullying
love sound giving back,not_cyberbullying
tweet real time abuser chan year always used work people shining light,not_cyberbullying
kat andre worst kitchen rule,not_cyberbullying
south shield mag running bus liverpool away game give shout interested,not_cyberbullying
tweet real time kat andre still disgusting human kitchen rule,not_cyberbullying
holy crap got far ordered third pretty happy far,not_cyberbullying
excellent,not_cyberbullying
nuked rating constantly helping friend gear lts,not_cyberbullying
either female baby gettin shot gym gettin body hard fuck like nigga ion want hard body chick,not_cyberbullying
glad god see race wealth status class et cetera,not_cyberbullying
oh,not_cyberbullying
outward emotional reaction grandmother died cry nimoy,not_cyberbullying
remind lucky win troll remind hypocrisy every day,not_cyberbullying
know woman raped lifetime,not_cyberbullying
twitter explode kitchen rule,not_cyberbullying
tweet real time twitter care bt presumptive ly innocent,not_cyberbullying
hill councillor idea combat cyber bullying hill top shaye la,not_cyberbullying
xd,not_cyberbullying
tweet real time time kitchen high quality start wa hungry camper kitchen rule,not_cyberbullying
ready go back school get away people,not_cyberbullying
oops yup rm,not_cyberbullying
que el bullying mole star one el bullying que eso una de porte una,not_cyberbullying
prefer sweet savoury breakfast kitchen rule pancake way,not_cyberbullying
aja aja various artist rosa da con inada oo puesto yo hare bulling prime ro lt,not_cyberbullying
deconstructed food shabby chic decor word excuse whole bunch random shit thrown together kitchen rule,not_cyberbullying
shame razor blade near throat kitchen rule,not_cyberbullying
goo monday morning sir loch te smile great blessed day safe always,not_cyberbullying
keep mum jar abul pe hm erg within artillery range mosul dae sh forcing child fight,not_cyberbullying
listening kitchen rule watching heard snatch cock thought yeh go together,not_cyberbullying
kitchen rule colin hinging much pancake well hate unicorn,not_cyberbullying
episode amp date kitchen rule recording laughing loud,not_cyberbullying
sorry changed channel next top model kitchen rule,not_cyberbullying
pretty fantastic wonder woman stuff prefer marvel hand dc char seem emo,not_cyberbullying
information look like caught otter,cyberbullying
need switch hub want pay cheap,cyberbullying
rma ed mono price shoddy power brick getting refund picking another asus vg cheaper anyways,cyberbullying
,cyberbullying
got code interpret spiteful amp analyze weight going take lot fiddling,cyberbullying
mention name call behavior people lt,cyberbullying
tweet real time brutal swear people fucking ignorant annoying,cyberbullying
yeah got bit rage boner mentally speaking,cyberbullying
tweet real time uh wow,cyberbullying
morning hung struggling remember pile book ended bed code last night,cyberbullying
kitchen rule heading another instant restaurant round unkind,cyberbullying
tweet real time manipulative accidentally open front camera,cyberbullying
bega cheese ad worthless old wondering old digger still alive kitchen rule laughing loud,cyberbullying
getting api hub set transferred moji auto blocker created private project time start importing code ruthless,cyberbullying
waa ay spend drive considering using go software,cyberbullying
already given email ago someone else,cyberbullying
yo lala low key bully laughing,cyberbullying
wearing pager call datacenter kind way legit pager,cyberbullying
laughing loud let get grand fall plethora category many name laughing loud petty stubborn bossy bully name,cyberbullying
sure never track art much say,cyberbullying
confronting redneck bully still white facing right still safe unfairness breed,cyberbullying
sorry going say gamer gate shove donation,cyberbullying
really hard talk abuse amp leave positive message call action important discourage woman industry,cyberbullying
contemptible,cyberbullying
full blown red overkill try,cyberbullying
,cyberbullying
pompous reminder kind logic amp reasoning come expect good game,cyberbullying
bully destructive,cyberbullying
taking life advice someone know diff wear ware fat,cyberbullying
law enforcement officer freaking wind buried luggage could sleep,cyberbullying
tweet real time account literally tweeting vulgar talking woman tech seriously look,cyberbullying
judge give critique first contestant would know say copying judge kitchen rule,cyberbullying
cool worry abusive,cyberbullying
brutal anal orgasm make pussy flow sex porn,cyberbullying
fucking excited excited,cyberbullying
holy unpleasant shit,cyberbullying
manipulative remember scream,cyberbullying
kern joking triggering people day yeahh kern went incompetent full gate big surprise,cyberbullying
dog staring know could make noise high pitched,cyberbullying
funniest commercial ever saw maury one,cyberbullying
hour minute vicious,cyberbullying
forget even use export use svn,cyberbullying
asshole someone harsh mention react bullying,cyberbullying
really make mad dumb see guy bullying girl,cyberbullying
oh god stubborn,cyberbullying
seriousness dying hair since teen ca remember last time used single shade flat,cyberbullying
br uhh naco cheddar popcorn seasoning fucking goo,cyberbullying
bully laughing loud love menacing,cyberbullying
oh yeah colin smash girl kitchen rule,cyberbullying
feel bad car idiot,cyberbullying
despicable marching band outside apartment,cyberbullying
say cyberbullying ha,cyberbullying
either got really lucky somehow found way around ash ran queue timer uh,cyberbullying
tweet real time call trump tell await official comment,cyberbullying
always feel nasty eating ice cream pathetic like damn indulgent tch,cyberbullying
sometimes hope ca break become island love jerk damn system rigged,cyberbullying
someone sent pizza wrong address incredibly incompetent freebsd supportive usual,cyberbullying
yo lady think time group talk stop wad hwa google hangout broadcasted,cyberbullying
mate even know even knew fucking horrific,cyberbullying
really enjoying one product image stick gum also cupcake flavored please let cupcake pic,cyberbullying
bully,cyberbullying
suggestion haskell,cyberbullying
coward shut bully love,cyberbullying
necessarily,cyberbullying
walked shelter puppy date uh success many definition,cyberbullying
yup,cyberbullying
tweet real time want bsd add talk take sponsor blackmail tape ceo time use,cyberbullying
puppy almost got,cyberbullying
cool hope feel better know night happen anything help,cyberbullying
men get say whether pregnancy come term,cyberbullying
amount mean girl mentality coming good game supporter hilarious wednesday email otaku,cyberbullying
well behaved woman seldom make history laurel thatcher ulrich,cyberbullying
shaking head even gone reply madness cyber bullying,cyberbullying
heard shouting banging downstairs thought fucking robbed brother idiot friend,cyberbullying
kat cunt face bitch kitchen rule life fight,cyberbullying
everyone know live could see people drinking getting stupid idea confrontation,cyberbullying
happy birthday bully hoe fake kind love sometimes,cyberbullying
hi like lt,cyberbullying
tweet real time mean hail fucking state,cyberbullying
still remembered much bullied nye,cyberbullying
ruthless ya la everyday bully sia,cyberbullying
better eva amp debra rie amp emilie,cyberbullying
treadmill like look walk lifting like stronger err yone ra aar,cyberbullying
everybody get lame little greasy kitchen rule,cyberbullying
incompetent wait amp version,cyberbullying
run meeting try make back end day also oh god hi,cyberbullying
loved around looking something hand watching tv,cyberbullying
friend bully way lol get kick bullying shaking head random thought,cyberbullying
hah hah professional bully since kid everything make sense,cyberbullying
ignore tweet site maintenance stuff auto notifying turned garbage right,cyberbullying
hmm far malicious everyone mention already filtering option web,cyberbullying
want play might amp magic hero iv shit,cyberbullying
saw people requested update amazon hm usually use track thing plan buying eventually,cyberbullying
creating reporting system difficult human intervention dumb level bias involved,cyberbullying
found box tiara day explanation,cyberbullying
excited still dc stuff wild,cyberbullying
done judged much bully morning,cyberbullying
tweet real time blame one rehash men right,cyberbullying
already privately working number tech company relationship built making huge amount progress,cyberbullying
lt,cyberbullying
grandma warrior freak hit,cyberbullying
modern grand old party rest two pillar support radical billionaire pump contribution largely rural le educated white voter fat think real american folk trump like,cyberbullying
tweet real time become slave political correctness fall islam sharia,cyberbullying
assam nrc done bc oz illegal bangladeshi muslim migrant ion since last decade amp part india history kashmir pure hindu name srinagar ugly muslim name shut idiot kashmir arguing kashmiri,cyberbullying
disgusting many supposed american work destroy america,cyberbullying
hah aha well currently seeking mother figure emotionally adopt family speaks navy seal dad raised passed away whole side abandoned right seeking matronly wise christian woman adopt,cyberbullying
radical liberal talking point democrat support murder thousand unborn baby every year people soul true christian vote truth know certain bow satan,cyberbullying
idiot wife prophet saw wore niqab watch say repent owns sake respectful towards muslim,cyberbullying
read face terrorist,cyberbullying
stupid argument one rationalizing barbarity islam,cyberbullying
sure happy non muslim country france greece russia et cetera idiot admin listen decade stupid ottoman mean muslim,cyberbullying
think every christian woman need start new year right via,cyberbullying
hypocrite house say judge muslim middle eastern country people ignorant something hate way supposed de fund police bad one fucking hypocritical left wing idiot gt oh,cyberbullying
see bengali origin quick scream bl yet bet speak happening muslim india bangladesh right another idiot jumping bandwagon,cyberbullying
grand salute good like stop using good deed playing amp sheltering conspiring,cyberbullying
right self proclaimed christian woman sporting stripper name act like someone would worried contracting anything like bitch hope wear gear normal day fan know foot,cyberbullying
much limb killing innocent people slacker never condemned islamic terrorism,cyberbullying
get put islamic bullshit bingo card,cyberbullying
muslim relationship god fear told fear allah quran,cyberbullying
well english given country culture mixu muslim bl idiot else expect get used,cyberbullying
lovely christian woman trying pit right left create even divisiveness like good christian trump,cyberbullying
told hindu marriage legal hell saying pakistan muslim marriage legal till dont document got abolished document needed people marry without document insensitive,cyberbullying
problem truth fit idiot like try change fact truth washington post highly credible source unlike indian fake medium definitely carnage burning pathetic mosque killing innocent definitely,cyberbullying
muslim terrorist murder people paris terrorist attack since aberration real islam,cyberbullying
quran condone murder self defense people terrorist like mohammed even forgave people persecuted keep though smart anyway,cyberbullying
naturally narcissistic think obama kenyan born national islamic muslim terrorist bent destruction america must idiot,cyberbullying
never conde islamic terrorism brutal,cyberbullying
punishing involved terror separatism activity good peace stability tell minority check first country state every sing al child born jihad shame humanity private message post meridiem statement,cyberbullying
idiot get elect lib tard muslim jihad like lhan omar,cyberbullying
saw cant lie video ko bane entirely taken dae sh mopping left still laughing,cyberbullying
know anything kashmiri freedom struggle understood externally motivated pakistan historically factually compelled speaking fighting freedom radical islamic terrorism going right enjoy,cyberbullying
laughing loud bengali idiot farted something accepted many sum ban al exist world sure agree one faiz al popular muslim name article tik ker article fake,cyberbullying
high class idiot believe voted never vote non muslim,cyberbullying
radical hindu like brainwashed muslim hindu sim living life way want idiot blindly follow sacred book start terror name pf god,cyberbullying
hey idiot go country born india grand father fight british india freedom freedom fighter tell single name rich site summary really simple syndication freedom fighter muslim shoe lick er like avar kar,cyberbullying
pompous chinese people ok playing sport try mix citizen chinese communist party medium play criminal must never trust ccp amp muslim brotherhood using bl anti fa purpose idiot,cyberbullying
idiot programmed believe look actual number muslim grooming gang conviction year would guess maybe convicted pakistani origin,cyberbullying
racist found sorry arse hole asking defend tab liq vulgar defend radical islamic terrorism defend muslim spitting doctor pelting stone find racist actually racist,cyberbullying
also refused read short story wrote right trying see liked writing bad word offended christian woman,cyberbullying
muslim raping christian girl impunity around world,cyberbullying
get data anyway mean say muslim dyeing islamic terrorism pious holy quran good obnoxious ideology,cyberbullying
support com mies take china turn back muslim concentration camp idiot,cyberbullying
coin made english uk check idiot border spiteful palestine palestine english protectorate stat never palestine state palestine people muslim arab occupying jewish land israel,cyberbullying
still defending islamophobia shuns knew propaganda every opportunity think attack muslim idiot crusade nothing le also ovid news used image veiled muslim woman,cyberbullying
idiot calling professor muslim com mum majorly populated hate monger like exception like vindictive muslim according muslim like,cyberbullying
done phd islamic terrorism mean information technology,cyberbullying
difference muslim country muslim subcontinent idiot traitor amp terrorist boast much peaceful muslim country pak bangladesh amp afghan persecuting hindu religion,cyberbullying
tomboy straight christian woman please stop calling man enjoy watching sport learning bj watching news report reading news story girl thing enjoy find right guy date someday bride wearing make shopping tai chi yoga,cyberbullying
beheads prophet beheaded rape slave prophet raped,cyberbullying
recall story couple year back arab christian woman volunteered idf arab country protects right christian like israel arab idf volunteer,cyberbullying
butt hurt brown guy actually know thing domestic international law news flash idiot terrorist photoshop play station post script muslim even would make likely believe implied,cyberbullying
truth people support encourage terrorism organised candle march protest shah en bagh drama islamic terrorism stopping people hypocrite,cyberbullying
home loser making excuse pae philia look percentage rape per head male population pakistani muslim focusing fact gang male idiot better naz shah star mer,cyberbullying
think muslim friend raping girl around world,cyberbullying
iron brother idiot calling chinese brother even knowing moron fact muslim minority,cyberbullying
forgot qasim pani pat war muslim mughals many ruled idiot wo took pakistan,cyberbullying
really hate people even know shit global muslim politics jump conspiracy theory saying isnt even fairly tale mentioned book foreign writer make time read book gona die idiot,cyberbullying
want good godly christian woman god jesus holy spirit send help start living right guide lead god jesus holy spirit help tired living sinful life want change late god jesus holy spirit know want change good,cyberbullying
im pot called evangelical magazine christianity today extra terrestrial instead ct always lie like pathological narcissist claim radical left christian support deceit want removed maga fail,cyberbullying
conservative policy imagine christian least one take teaching jesus presented bible guide able support president policy christian different regular jesus radical liberal malicious,cyberbullying
buddy say thanks allah shiv sena involved till yet need yr prove saviour terrorist kill one idiot name allah spread jihad hindu believe humanity kill people convert,cyberbullying
muslim radical real problem india idiot want implement islamic state india many peddling pakistani narrative many muslim majority secular democratic country name end blah blah,cyberbullying
laughing loud look person telling people respect amp saying universal fact united nation say president say radical islamic terrorism amp people fr country systematically killing minority telling philosophical th joke,cyberbullying
land islam hold came war murder occupy single country anywhere,cyberbullying
build one day certainly everyone waiting sc verdict verdict pronounced problem yi always kept saying muslim community would accept whatever judgment come disturbing communal harmony idiot,cyberbullying
mean reproductive right taken away people color suffer poverty le government assistance radical christian extremist support general worth exp therapist make think mostly grief,cyberbullying
little bit simple since lockdown seen going packed muslim funeral packed protest march completely ignoring social distancing rule rest abiding idiot,cyberbullying
tweet real time begun recruiting moron moroccan prostitute militant syria iran luring promise money,cyberbullying
non passed called everyone even ottoman saw muslim wahab bi idiot seeing everyone sect rial difference wrong judgement lord,cyberbullying
say rest idiot arrogant would like demonstration ineffective mask would happy show believe everything hear without proper research problem society monkey see monkey,cyberbullying
hell hindu miri pandits killed lakh written single article condemn islamic terrorism bud hi jeev terrorism unlike lashkar ever condemned conversion activity force hv condemned genocide pak,cyberbullying
far right define christian woman one standing barefoot pregnant kitchen probably dish,cyberbullying
intolerant moral subjective well idiot even atheist acknowledge without god objective moral trying project illness muslim desperation try harder stop lying mur tad de en support bestiality,cyberbullying
malicious time pi gold scam islamic terrorism bakr ik killing animal yes forget muhammad prophet film,cyberbullying
god testing bubba simply karma experiencing chose lie deceive taking page right donna brazil christian woman play book way working may run aware,cyberbullying
first muslim made rule idiot freak,cyberbullying
preaching islam beautiful religion much peace love humanity jihad going killing innocent people terrorism got totally wrong terrorist claiming muslim would never harm allah wt say forgive,cyberbullying
censored finally put fact check lost egregious bullshit maga idiot complaining whiny liberal spent year bitching secret african muslim going take away gun impose sharia law,cyberbullying
first claim muslim second speak third bl never gave damn muslim fourth leave couple idiot speak generalize last bl ethnic un islamic,cyberbullying
buddhist teaching contain violence hatred jihad islam,cyberbullying
wish india would rise right islamic terrorism amp killing mentally retarded pandita abhi nav dil bar ne gi amp many others delhi riot wish india spoke gandhi sikh genocide amp genocide kashmiri pandits islamic terrorist amp tweet instigate riot,cyberbullying
mob killed two police man ok speak islamic mean terrorism bc majority india people never see ur country minority shame propaganda maker,cyberbullying
lie tell mantra repeat apartheid et cetera scripted propaganda spontaneous,cyberbullying
insult dont right call idiot need pretend care muslim islam long use nasty word haram islam specially muslim brother,cyberbullying
fuck right christian woman caught trump sinister web deceit amp lie anyone trust say,cyberbullying
zulfiqar scared bum licking returned started funding islamic terrorism know lot taught fabricated history brainwashed therefore shall refuse comment,cyberbullying
read send medina english translated version know written jew christian non muslim quran book mentally sick perverted people like taliban terrorist amp criminal,cyberbullying
like every muslim country find money weapon abusive money school,cyberbullying
every indian bha kt converted idiot running hinduism cutting nose spite face wrong people proudly claim hindu muslim tian fool like make swear word,cyberbullying
british broadcasting corporation actively participating brit idiot flouting social distancing rule street party congo line narrative seems muslim urged stay home eid choose see want go lem,cyberbullying
ek ahab blessing humanity zak ir aik curse world promotes jihad terrorism understand simple human psychology also like zak ir aik mean terrorist mentality,cyberbullying
someone want leave islam islam declares apostate demand murdered,cyberbullying
idiot india end civil war indian muslim narcissistic dalits wake like black india doomed sooner think,cyberbullying
christian dumb muslim dumb incompetent every made religion exists enforce misogyny idiot,cyberbullying
prophet mohammed also,cyberbullying
dam idea ignorant assumed someone status based candidate assume radical socialist even though support one trash really expected someone call christian,cyberbullying
mean muslim land ever lived anything tyrant dummy,cyberbullying
yes called idiot super manipulative right done want genuine conversation issue muslim community want instigate people get upset ideological battle,cyberbullying
idiotic study made objective mind terrorism included murder worthless rate,cyberbullying
true ideology vile murderous backwards stupid islam,cyberbullying
lying poor excuse christian woman,cyberbullying
sorry say also deplorable part jp grand plan polaris hindu muslim idiot like earth still flat enjoy theory,cyberbullying
